{"cameraMode":{"drawMode":0,"name":"Shaded","section":"Shading Mode"},"sceneLighting":true,"audioPlay":false,"sceneViewState":{"showFog":true,"showMaterialUpdate":false,"showSkybox":true,"showFlares":true,"showImageEffects":true,"showParticleSystems":true,"showVisualEffectGraphs":true,"m_FxEnabled":true},"in2DMode":false,"pivot":{"x":-15.863520622253418,"y":-13.691718101501465,"z":-25.795330047607423},"rotation":{"x":0.06935787945985794,"y":-0.07475303113460541,"z":0.0052120438776910309,"w":0.9947742819786072},"size":1.4349560737609864,"orthographic":false}